{
    "timestamp": "2026-03-06T06:28:35.625006",
    "summary": {
        "gmv": 67.87,
        "fees": 14.34,
        "ads": 12.830000000000002,
        "net": 40.7
    },
    "orders": [
        {
            "ID": 2000015422097118,
            "Status": "paid",
            "Valor": 67.87,
            "Taxas_ML": 14.34,
            "Itens": [
                "1x Moletom Masculino Z\u00edper Hugo Jobs Blusa Aberta Com Capuz (R$ 67.87)"
            ]
        }
    ]
}